{"cameraMode":{"drawMode":0,"name":"Shaded","section":"Shading Mode"},"sceneLighting":false,"audioPlay":false,"sceneViewState":{"showFog":true,"showMaterialUpdate":false,"showSkybox":true,"showFlares":true,"showImageEffects":true,"showParticleSystems":true},"in2DMode":false,"pivot":{"x":3.742440700531006,"y":-0.512897789478302,"z":0.76708984375},"rotation":{"x":-0.18750835955142976,"y":0.06124980375170708,"z":-0.011765901930630207,"w":-0.980280876159668},"size":9.771129608154297,"orthographic":true}