{"cameraMode":{"drawMode":0,"name":"Shaded","section":"Shading Mode"},"sceneLighting":true,"audioPlay":false,"sceneViewState":{"showFog":true,"showMaterialUpdate":false,"showSkybox":true,"showFlares":true,"showImageEffects":true,"showParticleSystems":true},"in2DMode":false,"pivot":{"x":-2.7855000495910646,"y":3.868086099624634,"z":0.4510054588317871},"rotation":{"x":0.09832947701215744,"y":0.30562180280685427,"z":-0.03170951455831528,"w":0.9465311765670776},"size":5.032423496246338,"orthographic":true}